{
    "prepare_queue": {
        "installed": [],
        "uninstalled": []
    },
    "config_munge": {
        "files": {
            "res/xml/config.xml": {
                "parents": {
                    "/*": []
                }
            },
            "AndroidManifest.xml": {
                "parents": {
                    "/*": [],
                    "/manifest/application": []
                }
            }
        }
    },
    "installed_plugins": {},
    "dependent_plugins": {},
    "modules": [],
    "plugin_metadata": {}
}